{
  "0": {
    "upper": 0.7220286728279307,
    "lower": 0.7547140190355425,
    "left": 0.7603588524581144,
    "right": 0.7163838394053592
  },
  "1": {
    "upper": 0.2852022453527468,
    "lower": 0.3017988365480762,
    "left": 0.31664155149630896,
    "right": 0.2703595304045152
  },
  "2": {
    "upper": 0.3855685003766641,
    "lower": 0.7751911269590359,
    "left": 0.5868969871663043,
    "right": 0.573862640169393
  },
  "3": {
    "upper": 0.602005256584037,
    "lower": 0.5204790030506274,
    "left": 0.3707946856026318,
    "right": 0.7516895740320366
  },
  "4": {
    "upper": 0.48528103680898227,
    "lower": 0.3870553791904634,
    "left": 0.40712679291378273,
    "right": 0.4652096230856626
  },
  "5": {
    "upper": 0.5198388831711296,
    "lower": 0.4071213132753062,
    "left": 0.5716775113577472,
    "right": 0.35528268508868954
  },
  "6": {
    "upper": 0.2242269551699453,
    "lower": 0.8922324788561082,
    "left": 0.6847830361982773,
    "right": 0.4316763978277782
  },
  "7": {
    "upper": 0.6302648745189912,
    "lower": 0.17027838254470276,
    "left": 0.2640027619066601,
    "right": 0.5365404951570355
  },
  "8": {
    "upper": 0.6939735833208375,
    "lower": 0.5697270426030142,
    "left": 0.747053221287892,
    "right": 0.5166474046359614
  },
  "9": {
    "upper": 0.7393265295077909,
    "lower": 0.23044071501482974,
    "left": 0.3989531385700725,
    "right": 0.5708141059525512
  }
}